1425327767734238;Internships
193530874168305;Internships in Delhi-NCR
569112373180888;Internships & Jobs @ Delhi & NCR
1435491713362512;Startups and Internships in India
1622660178006119;DELHI CODING INTERNSHIPS
1015113381883459;Internships
362587430607050;Delhi StartUps, Internships & Employment
571686649516820;Scholarships!!!
555059377981364;Delhi Internships (by Zigsaw)
1059240837451214;Internships at Startups - Mumbai
1094998027217379;Startup Internships  (by Zigsaw)
422209104561082;internships &freshers job
552541118162156;Internship Program on Web & Mobile
688641371157847;Popdop.com
486379538148505;Internships / Graduation Assignments
1483596028524589;Internship in Media
1389919844566079;AIESEC Matching Group
403954743108272;Studio RAH - Internships and Masters in Architecture
326379130803986;Internship India
373066322823271;Competitions, Events, Contests and Internships
1451944475069043;Start-up Jobs and Internships (India)
465470723465036;Jobs & Internships
194939127507866;Look at me internship
503738313019643;MAkeIntern
507767476066082;Intern theory (internship opportunities)
438604566154774;Jobs & Internships
654237074707200;Opportunities, Learnerships, Internships, Vacancies & Bursaries
201945516573206;Jobs & Internships
445961948948253;All India Intern Network
266259900135557;Jobs & Internships
188599111259663;Jobs & Internships
378316699005501;National Internship Program (NIP) 2016
379953465459133;Interns ready to join startup's
163967057071853;BMM Internships Mumbai
173004606197802;Inovas Internship
351769954874921;Jobs & Internships
267375183340170;Jobs & Internships
1521128604808040;Global Internship Program- YGIP- TN Details only
568855306618864;Kohl's Interns Group- Summer 2016
1691593524409531;2016 Bay Area Summer Interns
949461728468757;Housing: 2016 Bay Area Summer Interns
300338310162935;NYC Jobs
1428626670771773;Tirocinanti Garanzia Giovani Sicilia
835202849918645;Offres d'emploi au MAROC | Recrutement 2016
414493181922941;Jobs & Internships
485899348091968;Jobs & Internships
965223783508783;TFA TERZO CICLO SUBITO!
1464088240482978;Praktik/studiejob i web- og kommunikationbranchen
413633465489061;Tempat  Internship / Latihan Industri / Praktikal /
1666908390229846;Tempat Praktikal - Latihan Industri - Internship Di Malaysia
1717556588463935;XEREM DIGITAL CLASSIFICADOS
1459396550958026;IMS PORTAL (Jobs, Internships & Market Info.)
465789580180789;LAGUNA EMPREGOS
244468225652528;Jobs & Internships
1069388686413285;TRUE RASTAS & DREADS PON FACEBOOK
686052754864177;SAY "NO" 2 FAKE JOBS
268944426566475;Nederlandse Jongeren Op Malta
320054581486654;JOBS,LEANERSHIPS AND INTERNSHIPS FOR PEOPLE WITH DISABILITIES
1283719981643659;Kwale County Jobs Opportunity & Internship Networks
404690476318990;FutureFAST
154088411392606;Gallup Technology Internship Program
469883963201192;IT Jobs & Internships (Vietnam)
197609213708633;Arbeitsmarkt Schweinfurt / Umgebung
1653974104838929;Empregos Natal RN
1246822502011727;NYC Interns Summer 2016
102167983158778;Internship
738703352809917;Engineering Internships
141946955825758;Internships.pk
205106156175603;Internships Down Under
191816697634482;Internships Colombia
266387580065090;Divemaster Internships
538803252950254;OzConnect Internships
1490611017858177;Internship India
62908512351;INTERNSHIPS@STATE
642930205805407;Internships
1376791412589739;Internship Opportunities
140335762694789;Internships.com
131114356961704;Abroad Internships
374329832751235;Internships Keshav Mahavidyalaya
1118709418204635;Internships/Startups
619878328101922;Internships & Jobs
210355085699950;Internship, Training and Placements opportunities
402295673147496;Internships in India
204875569524952;City Internships
1424769117806547;InternshipsAnywhere
508937289220362;Internships & Jobs in Delhi
311491022212656;Legal Jobs, Internships and Info
1420877948177324;CHI Internship/Trainee Program
495956033812185;King's Internships
268202636612625;EY Internship
643979905705535;FSU College of Business Internships & Career Services
688490077877038;Engineering Internship
455045941342790;ISA Internships & Service-Learning
606567126185347;Internships and Events
118751367392;IE Partners Internships in Ireland
438304746357174;Internships China
189091647779556;InternSG - Singapore Internships
106421249434180;Internships, Graduate Jobs, and Part-time Jobs in Hong Kong
215189988533762;New Zealand Internships
516450228483245;Delhi Internships
188369367851574;World Internships
146180105487143;Internship.edu.vn
120219258023366;Amazing Internships
557567811013058;Internships_Internshala
240689809301085;Internships UK
513889328640689;Internships, Workshops and Conferences
507980149239603;Animafest Experience Internships
174634130937;Internships Thailand
206061842328;IES Consulting, Internships - Talent searchers providing experiences
378079538984804;Internships Abroad
187832191238449;Spain-Internship
1410760912474062;Do Internship
387552241298828;Internships - Caesars Entertainment
348716228564518;Internship india
800005543347083;Internships Abroad
248772871930578;Marketing Internships
198278276853870;Australian Internships
551461194891012;Sichuan Internships & Immersion Programs
500785416640032;Greenwich University Internships & Jobs
716704355032200;Youth Internship Programme
1459982974219518;Internships in The Netherlands
182947668465760;USA-Internships
811349015553120;Internship in India
1432083697098707;Mk3 Internships
351655284898721;The Internship
273221852854575;Architecture internships
1752143405069035;Internship NZ
80386897672;International Internships
305635699641743;Internship Bangalore
1420427198275859;Psychology Internships
109027603986;Internships4You
1459406341006079;Internshipsaubg
197353447137446;Internships-SA
1597093980552003;The Placements, Internships and Opportunities Cell, Miranda House
876381825733646;Fresher Internships
460311174071627;B.Tech Cs/it/ece Internships
718570744901888;Internship in hotel
153958777971644;Worldwide Internships
46798033175;Global Experiences: Internships in Washington, DC
315771325253138;Internship for freshers
24758394179;Connect-123 Internship & Volunteer Programs
506207742857672;Internship and Jobs
264692133549862;Europe-internship.com
379848592047315;Internship Program 2015
172144962841261;International Criminal Court - Employment & Internships
623531317756110;Equine Internships
286699738032795;Bali Internships
59740014553;Washington Internships for Native Students Program (WINS)
143605305713150;Dutch Internships
109612835732503;Internship (medicine)
616308261842602;Yoga Internships
1601565270055573;Jobs/ Internships/ Trainings
498253300277111;Horticultural Internships
166105260252531;DC Internships
1381574862102142;Internship / Jobs
232248153508632;Fred Hutchinson Cancer Research Center Internships
421054541323189;Internships Italy
147694241970904;Internships at Attunga
1375789912650082;Pave Internships
1035637106462045;Winter Internships
229325087120751;Internships International House Newcastle
1508776009342206;Startup Internships
169283661761;Summer Discovery & Discovery Internships
800458106689735;Internship Opportunities at Aetherion
1571845443064930;Jobs, Opportunities, Internships, Busaries and Career Placements
1486324538296592;International Internships
1510775189145858;Internship Finder
541747726004794;African Sunrise Volunteering and Internships
1018117374939709;Hospitality Internships Guatemala
345592632143815;Oglethorpe Internships
297230313723586;Silicon Valley Internship Programme
618980371476471;Internships4u
1639618722940142;Summer Internships
897310700298379;Internships Ireland
996398197049187;Global Internships
1715604052025606;Junior - Talents, jobs and internships in Germany
612138658912565;Japan Internships
36088335397;FreeFashionInternships.com
150514405083404;Sydney Internships (Ausphin Pty Ltd)
147007028645219;Scuba Diving Internships at TSD Malapascua
177919588920668;IFE - Internships in Francophone Europe
167958950049646;Internships Berlin
163096867602;Student Internship Bureau - Paid internships through the University of York
211258979272757;Internships
35428541400;Global Experiences: Internships in London!
334330233184;CICD International Internships, Jobs & Volunteering
394901313918432;Princeton Internships in Civic Service
245929312130449;Abroad Internships Worldwide
213352598695236;Internship-USA
436841509691390;Go-J1 Internships USA and J-1 Visa
19136716515;Global Experiences: Internships in Australia!
169763606386730;Navitas Professional Careers & Internships
539687522882258;Internships In Ghana
1127680410597252;Japan Internship Program,  METI Government of JAPAN
252583168273498;Agricultural Internships
1414961228746801;Global Internships at Toronto
830387650403987;NCCR Bio-Inspired Materials Undergraduate Internships
469626026530496;Paragon Europe Internships Malta
478213855542976;Internado - The Internship Cell , SRCC
855061837857790;Summer Internship Program
145787908837139;Internships Abroad - USA, Australia, New Zealand
1476914472521555;Internships
930980980245907;Philippine Internships
226211880881558;Internshipsplus
935756643129648;Scuba Internships Cozumel
530297643652741;CMCI Internships
585892948097209;Global Internships
168616926499951;Internship In London
339780232888671;PSD PWR Internships
838281616217139;Jobs and Internships in Dubai
210448945684707;Zappos Family Internships
247132878979788;Internships at Moorpark College
487569591316057;Summer Internship Project at The Times Group
886937511334314;Social Change Workshops, Internships and Events Announcements
628800070474996;Best Internships
455269784510372;Pakistan Internships
213673132038682;Engineering Internships
114025775318315;UWM JAMS Internships
1496926160617873;Alternative Internships
275491652786077;Internships Germany
502790009813251;MBA Internships
1019923654757930;CCD Internships
409750375773526;Sydney Internships
181358478596044;McGill Education Internships and Student Affairs Office
1454117911574572;Internship JobStreet.com Vietnam
373894462623284;Central Asian Internships Summer 2012
106639286128223;Australian Internships
248433638541473;Keele Internships
1667483883471188;Internship at adidas Group India
289625847719546;International Internships
529960597063310;Internships and Graduate Jobs in Kenya
184447801604937;Cook Medical Internships
333103906790033;Pharmacy Internships Australia
562072660612034;EIU Internships: Disney College Programs - DCP
1646477705586208;Internships
184863608209511;IU East Career Services and Internships
447446851944219;Aprender - Spanish School, Volunteering and Internships
436699669706936;GT Global Internship Program
389473484446329;International Internships
158187458247;Business Internships
235764829963032;Quest Internships
955720534486618;Delhi University Internship Cell
104358562932044;THE INTERNSHIP GUIDE
414899715337054;Redback Internships
195034124002064;Office of Internships and Career Services
104920176251458;FreeInternships.com
1719034505021968;PM Youth Internship Program
245527035622729;Theatre Film TV York Uni - Placements & Internships
158175414373197;McNeese Internships
367608183359905;Internships-iamanemployee Inc.
839004069560145;Internship - Practicum Costa Rica - Hope Fellowship
1550434881858550;Internshipsinkenya
169117759768109;CEFS Internships and Apprenticeships
196435950377658;MaxPreps Internships
197031313691169;Internships Ireland
544241085673904;Internships Emporium
142689683251;Intrax Global Internships
1405539552992073;Internships in Sri Lanka
783224831785306;Center of Student Internship, Mobility, and Adjunct Lectureship, UTP
124419914332327;Graduate Internships Scheme | University of Sunderland
498794060147220;Venture Internships
840334515979160;EPA Internships in Europe- University of Rochester
31109122357;InteRDom Internship Program
152083484851502;Tourism, Internships, Voluntary Programs & Investment Opportunities
159612450776162;Service Internships
1175900429096190;Mentoring Internships
260706007280781;International Internships , Aiesec Jalandhar
205264439637389;SK Pacific Internships Abroad
1444988565797622;FAST NU Karachi Campus Internships/Job Alerts
133921989953690;Focus on the Family Internships
1350832211597494;Hull College Supported Internships and SEND
612423865534452;BBA Internships
154596254628575;Jobs and Internships for Students of Pakistan
155910930010;CRF Expanding Horizons Internships
157635991318507;BSCS Students Internship Program
273873132705811;Internships and Jobs in Vietnam
171328522949357;Internships Department "Forman Christian College (A Chartered University)"
222154274107;Internship in Australia
1508285402766987;FCL Paid Internships
427615840727734;IOP Internships and Career Services
458698134187568;Internship USA
199796536720938;Internships in Berlin
1484179995166395;Internships
7507937839;Intern Options - Internships in Australia and New Zealand
47164661925;Internships in Sports Management
123988001111797;McKkr's Internships
964932453519686;InternshipsIsrael.com
152249448129599;JMC Internships & Careers
562426153871101;UIS Internships and Prior Learning Services
238339136550024;J-Internships
1577174352560943;Fair Internship Initiative - FII Geneva
158693692957;Global Work placements- Internships and Paid Programmes
962453097121272;Internships Asia
206844436033852;Praktikum Berlin / Internship Berlin
555541951263524;Alterbeat - Alternative Jobs, Internships & Opportunities
179466682094204;Internships Pakistan
224055750957619;Reach Internships
1686277774970219;CUU Internship Seminar Series
945970755473149;IAU Internships/stages
1409115032667807;Roast Internships
1066899560018225;USA Internships ASPD HYD
186053858272507;International Student Internships
212329158932355;Center for Careers & Internships at Middlebury College
300883145158;Sandhills Publishing Internships & Careers
290380974638404;Prime Minister Youth Internship Program - PMYTS
186979041338972;Global Studies Internships
900160196731038;FGCU Internships & Cooperative Programs
1173207422711171;Opportunities - Jobs, Scholarships, Internships, etc
1666863573560357;Internships - Latam
115119985184863;Internships abroad
54030233404;Europlacement - International internships
179782348730130;EPA Internships in Europe
1515739542049940;ASU Department of English Internships
1464508677110139;Pune Internship
455030704687667;Aspire Internships Australia
141926135818105;Center for Portfolio Development & Internships
1146642928713790;PMYTS-National Internship Program Pakistan
242630083956;Abroad Internship: Find Paid International Internships
145638535463480;MyInternshipAbroad
1543990649249110;HP Internship Program
268029870013898;Internships and Jobs Kenya
842777155789462;Office of Internships and Experiential Learning, UB School of Management
18702472981;Global Experiences: Internships in Spain!
1599181213639227;Divemaster internship Academy
816458408381335;Internships EU
187455347989426;IPFW OACS - Academic Internships - Cooperative Education - Service Learning
280134358767643;The University of Findlay Office of Internships and Placement
230635580282632;Queens College - Office of Career Development and Internships
1203434573005266;Divemaster Internships Mexico
572287276167298;UTS Environmental Internships and Volunteers
1513877328862522;Pro-Internships LLC
127644959376;Internships
419006148270541;Internships/Admissions
480614092049282;Internships Kenya
629273990475150;Jobs and Internships in Delhi
263257013768718;Praxis Network - the best projects/internships in Europe
386278771390776;Internships-praktikum-jobs-spain
1680852775494783;Internships & Careers: Richmond The American International Uni in London
197781613635816;Nickelodeon Games Group - Internships
130416797098917;UCLA External Affairs Internship in University Advancement and Philanthropy
178785645507666;Vancouver Internships
1024321750993874;Pre-Internship Conference
51497376818;Internships Abroad
1428996117400456;Open Data research - Delhi summer internships
1528221520783180;London Internships
285831658219388;Pro Dive Internships
548500458614232;Internship Programs
45457563487;Internships in Malta
683351921681853;Bursaries, Learnerships, Internship, Jobs
162243153813055;National Internship Programme
274585459224256;Menlo College Office of Internships & Career Services
274874682585490;LC Internships
102635933109832;InternshipSuccess.com
1561988234044618;Aliango Internships
265825205229;In2Africa - Volunteer Projects & Internships
1448825142002603;UVa Global Internships
413935361990860;BYU On-Campus Internships
1413599525575715;Get Your Internship
455806377810178;RISE - Regional Internships in Science & Engineering
5381334667;Galaxy Explorers Teen Volunteers and Internships
212062858843270;UVic English Internships
251492468324704;Internships & Sponserships
230308287033904;Australian Wesleyan Internships
177014982317902;Global Experiences: Internships in New York
390486954391867;Rocket Internships
308378130904;SUNY New Paltz Communication & Media Department/Internships
116795740684;Lensic Performing Arts Center Technical Theater Internships
1651012505147670;Campus Biz Kenya - No.1 Internships Portal
262179707491636;Internships, Job opportunity, Scholarships.
273043532718779;Internship.Sino-Thai
93916953703;U of M Journalism Jobs and Internships
124839550927858;Med'o Polo - International Medical Internship Program
175807762592375;Leo Burnett Chicago Internship
848777005173698;Internship Online
147893575221243;News on 6 Internships
544559635567348;Internships
277453511411;CAUSE 4 LIFE Global Missions & Internships
664892733631020;Internships at Hon. High Court Allahabad for BA LLB & LLB Aspirants
316122988551271;Microsoft , IMRB internship Program
569944679691842;BYU FHSS Internships
112190812208535;Akhuwat Internship Program
314044712119707;Actuarial Jobs/Internships
530565983762211;ARMAS Internship Program
370865116375845;University of Exeter Politics Internships and Work Experience
166432530070294;The Science Exchange International Sea Turtle Internships
247961478904638;Internship Connect Ug
451500964989707;Akhuwat Internship & Leadership Program
191960257520592;Conferences / Internships / Exchange Programs / Scholarships
1545285589107539;Abraham Baldwin Agricultural College Rural Studies Internships
111414182289219;BYU English Department Internships
143068909063867;Internship Indonesia
229600140445496;Scuba Diving Internships
514604495391446;Milgard School of Business Internships
1542228172697941;Seton Hill University Business Internships
295469763900350;Internship & Co-Operative Education
164135287075247;Australian Internships Ireland
39356491498;Warner Bros. Internships
182056108544510;University of Memphis, Academic Internships
487072998038655;Law Students Internship Assistance
1552308865015828;Bristol Community College Cooperative Education and Internships
479826295427478;Engineering Internships &  Jobs
928635993886991;UH Department of Economics Careers & Internships
430417517118928;Internships in Taiwan
1884868948406427;VJTI Internships
107427452714686;The Washington Center for Internships and Academic Seminars
414941785354399;Internship Coordinator
101811116527527;Japanese and Internship School Asahi
467291820144806;Fukuza boys>learnerships,internships,government jobs n general workers
292496187564059;Internships Wijapan
1480703135484622;Animas High School LINK Internships
523175284520757;SMUMN Career Services and Internships
161650510554919;Sacramento City College  Work Experience and Internships
64427204974;Center for Internships and Career Development
331108093663351;Development Sector/INGOs jobs, internships, Trainings  worldwide
1700477303522715;Erasmus Internships in Italy
90271212340;Recruitment Squared - Internships and Jobs for Graduates
129027543794013;IBS Global Consulting Internships
283247568470212;Bethel University Business and Economics Internships
246812642167418;Jobs and Internships
171554976192258;Phillips Exeter Academy Teaching Internships
160401804794;USI Career Services & Internships
1687338448164465;FCS Internships/Professional Development at Eastern Illinois University
265860676787767;Saint Rose History and Political Science Internships
541826419202462;Summer Research Internship
383682491699092;Viacom Media Networks Internships
116744938437448;Internship Programme in Asia
248948612830;Belmont Abbey College Career Services & Internships
337970246303749;Istanbul Internships
174997306432;Career Internship Abroad
1750596705222565;Harvest Internships
1530255530586054;IES Internships
486848671361008;Capital Interns London Business Internships
240360576300;Internships Abroad Offers
1596141913968066;Zoped Internships
995719463776542;Academic Projects and Internships in Bangalore
1580481188856992;Internships abroad bali
333346346818232;Sierra College Career Connections & Internship Program
566256716826144;Internship Network
416488621789687;Simple London Internships
38526568767;College Internship Program
1686366684956825;Bright Internships
222712601455196;Internships Namibia
172658726409546;Internships CSC
309821459116749;Internships in Costa Rica
1405267279691733;Fresh graduates, internships and vacancies in Zimbabwe
843979475672604;Internships and Learnerships for Young People
482381878526937;Johnson County Internships
690946217684478;Internships
1589108834437061;LEO Internships
216767488523119;New Zealand National Expedition & Internships
721082494694790;Softtarbiyah-Internships
203203069692069;Political Science Internships
13273704983;Viacom Internship Program
129741987092663;FreeMusicInternships.com
417011728391916;Jobs, Internships and Bursaries in S.A
320542324538;Absolute Internship
398450993527270;Internships in Spain
354245681409077;Internships in Business
384472071586078;Kape Internships
736549226379172;KCC Internships
356652487688024;Internships Kerala
183109285057354;FreeEntertainmentInternships.com
373726196014795;CounselingInternships.com
248419671880338;Londra - Lavoro ed Internship in Inghilterra
103068426706725;UWC SEA East-Gap Year & Internships
955411461176958;MIT Internship Portal
120383997974417;Learnerships Internships programmes afterskul.com
1397270287247738;Internships & Jobs - BVCOE, New Delhi
844385402286005;Sodexo Dietetic Internships
295534310501270;Collegiate Congregational Internships
330744370468920;Internships Ghana
826732750701479;Internships Professionals
448396891954812;LEAD Internship
270091639679072;Penn State Worthington Scranton IST Internships
159743864422699;EPSA Subcommittee on Fair Internships
1381415582095016;Internships for Africa
197204077086583;Regis College Center for Internships & Career Placement
159733107440639;InStep - Infosys' Global Internship Program
1405444366372303;Internship Programs
36184438461;AIESEC - International Internship Program
238676559499255;AGV Sport Internships
532787840069427;Internships in NYC
1074986165846966;Internship Fastrackr
994779853888502;Sustainable Cities International Internships
1585691091724747;ITER Bhubaneswar Internships
718693128242366;Internships /Jobs in Spain
763934690386169;Internships at El Rancho
961353850646992;Internships in Europe
240100636368225;Internships & jobs
202300686587383;USA Internships
156389761219150;Tech colleges and their internships
171486039586572;Internships in Prague
49411836765;Internships For International Students
770952239704328;Bolivia Internships
360852550683097;Hr People - Internships & Recruitments
347832911993372;FindInternships.com
59017974133;The Education Cooperative -  Internships & Career Exploration
1585668798398554;Dargui Internships - Practicas Profesionales
414865471949418;Logistics Internships
127904730603131;Internship Programme Botswana
254456737904725;BEST Internships
422745641095526;Photography Internships
169038323123762;Internships South Africa
185944248233731;Center for Student Success, Internships and Global Experience
287124014952935;Smile to the Future / Internships abroad
1049364241761806;Blue Ocean Internships
827104670659901;Internships
1016073608461904;Internships
344594252280897;Digital Internships - Social Media & Marketing
934210393323574;Key Internships
299164796945611;Bendigo Baptist Church - Internships
205895535024;Surf Internships
375382625930796;Internships for ECE students
627930324029451;Free Labview Training Program & internship
395746853901479;Internships Exposed
480441145492482;Internovate Internships
643791522388745;Euro Internships
124085025894;All Access Internships
351220758342368;Global Internships at Berkeley
572896099431346;Butler Community College - Cooperative Education & Internships
510255355799764;Marketing Internships & Jobs
1429475910677565;Internships Albania
1645574005684827;English Internships Abroad
316158818419190;Celtic Internships
643131209113853;Internship in Coimbatore
208819145796844;Internships for Dutch native speakers
125927447747196;Internships For Nigerians
168202393267909;The Center Project Internships
1522904341320752;Internship/Attachment News.
26317650640;Columbus Internships
437915629699511;OBEI Outbound Education & Internships
178844872309613;Hong Kong Internships
758998040853237;Remote Internships
302667716594732;TechLA Internships
377830225656405;Jobs and Internships Forum of Pakistan - JIFP
266310290395776;New Internships
1597935320496042;Inroads Internships
420919534734523;VimpelCom Internships
172454256296581;Endicott College Business Internships
75874029294;Internships at State Law Office, Allahabad High Court, India
772239919541080;Civil Engineering Internships at Hyderabad
233393160091327;IX12 Internships
288284174621661;Young Professionals Internships
418037165063706;Graduate Internship Scheme
270019263160316;LEAD Argentina - Volunteer Internships
1567144560282376;Monterey Bay Internships
274089182620785;International Internships
1087996921271617;Zeal Internships in Malta
416471941869735;Finance Internships & Jobs
128801469568;Internships china
1388558788096113;Internships with Aiesec UWA
622807341190412;Elevate English Internships
235322393311107;European Jobs & Internships
193830113985538;MCO China Internships
643583999016194;Internship & Jobs in Islamabad/Rawalpindi
491103797602967;Internship
1415684465399419;Elon Communications Internships
124172207661499;Internships New York
213295925371212;Internships in Pakistan
196336040416330;Barnardo's Internships
182350758779123;Want to get an internship chance?
1629470513942266;JHU Community Impact Internships Program - CIIP
1096006890421578;Evolve Hospitality Internships
411871012241773;Global Internships for the University of Bucharest
343211339182274;IIT Bombay internship
1617881305163600;Internship in Hyderabad
876387829151357;Internships Survey Team
1430398747237523;Summer Internship
198702410155881;Internships
680059618698450;Tech Internships Korea
257763104601594;Hospitality Internships in Australia
344619639051692;Global Talent Russia - Internships Abroad
390437647812402;FBI Internships
117313541626503;Experiantial Education Office (Internships)
284913938278438;Internships
113087858757261;Hospitality Internships in Greece
304784992979005;USM Internships
849167281859908;Launchpad Internships
108686755902911;Internships Hospitality Indonesia
114412971926969;SCSU Travel/Tourism Internships
1597714003850746;Starwood Internships EAME Divisional Office
454777487965084;Internships in UK
823656707686402;Startup Buddies
1435491713362512;Startups and Internships in India
1463012277359942;Startup Arena
519648071527501;Delhi Startups
1009521225785786;Startup India
1628088717410164;StartupTalky
1419372751704088;YUVA STARTUPS
400201920024003;StartupList
738318456305745;Delhi StartUps Community
1772185249673634;Startup Mumbai
967852516599308;Startup jobs in Delhi/NCR
512945758858019;Delhi-NCR-Mumbai StartUps
641865275917080;STARTUP MASTERZ Delhi / NCR, Gurgaon, Noida Coworking, IT, Tech, Bagalore
470898436324608;Startup Hiring
667863636682162;Delhi Startups
169806186559644;NSIT Startups
1124009880957693;Mumbai Startup & Investor Connect
372139812898734;Startups in India - Jobs & Discussions
308516635897930;Startup
614723875277605;Noida Startups
183336125123956;Chandigarh Startup Circle
362587430607050;Delhi StartUps, Internships & Employment
702702243080718;Startup Saturday Jaipur
442195502544274;Delhi-NCR Global Startups
139169569465080;Startup Group  - Silicon Valley
1545678652397875;Startups in Delhi
678411885636519;Indian Startups Hub
485669868256362;Startup Staff/Employee Pooling Network
723758837751708;DelhiStartups.org
1646797022223706;Jaipur Startups
605042366243427;Startup Jobs India
1095959097111110;Startups Page
278869328918838;StartupItalia!
224039764326483;Startup & Technology Events in India
226438624219158;Startup Events
620416434767920;Delhi NCR Startup & Investor Connect
1094998027217379;Startup Internships  (by Zigsaw)
2394772839;StartupNorth
807522249343756;Startup Cafe : Delhi
462392703969948;Startup India
1698352990395253;Delhi Startups Connect
1654658331457649;Startup Consultants - a one stop solution for startups........
405273982957154;Headstart Network Delhi
1522744031352709;College student startups
200251906797484;Lean Startup Circle - Delhi (#91circle)
235395126611168;Delhi NCR Startups Leadership and Futuristic Entrepreneur's
893548950734239;Gurgaon Startups
648738365269743;Startups@PEC
303265523067752;Delhi Startups
1577191949212452;Start-ups Delhi
1596391537279345;New Delhi & NCR Entrepreneurs and Startup Network
707865562603993;Udaipur Startups
926683144033733;StartUpSetu - Connecting Startups to Success
118965918113720;Startup Saturday Pune
108853579447807;Delhi Jobs and Startups
725318020921474;Startups in India - The Already Big Thing
466246596887477;Delhi-NCR Startup Advertisements
431696206997382;Indian Startup Entrepreneurs, Investors & Innovators
1445531119078054;Delhi startups and web agencies
523214724501908;Startup Opportunities
163724660500552;Bold Kiln Startups Community
448709818648341;Startups India
1500321840185061;One Sentence Startup Pitches
452614194757744;Delhi & NCR Startups
593038550872885;Startups Connect (Delhi - Mumbai - Bangalore)
291064327770896;Delhi & NCR Business Startups
1055540117814319;Delhi Startups
506910956031309;Delhi Startup and Bootstrappers
615828881814154;Bangalore Startups
220266924662120;Bangalore Startups
190645617712924;Student Startups
145729019111639;New Startups Delhi/NCR
453380584817264;Mumbai StartUps
1417459078489112;Bhubaneswar StartUps
162088947325038;Startup Saturday Ahmedabad
531740633645172;Mumbai Startups (SAI)
859198540826702;Delhi Startup Connect
109971182359978;Silicon Valley Global Network
209539152510739;StartupMamak
425598544307244;eCommerce Startups Delhi
1407108442844937;Bhopal Startups and Businesses
363259893834776;StartupRS
1162476003762780;IIT - IIM Startups
320570654762718;India Startups Advice
1546978348891191;Bangalore Startups Connect
227359870696031;Kerala Startups
388311547879750;Delhi NCR startups
1509199922671628;Mumbai Startups
507366329444457;Startup Ipoh
371170396405470;Startupkolkata
276455239363604;Accelerate Startups
149635565077732;Sydney Startups
429799667149657;Indian Startups & Investors
315659905133228;Startup Nebraska
1439173533013920;Indian Startups: Product Testers and entrepreneurs
782056198519926;How to Start a Startup - Delhi
1059240837451214;Internships at Startups - Mumbai
581116308586299;Startup Cyprus
839108966104293;Jaipur Startups
164092467020125;Lean Startup Chile
251843948260796;NZ Tech Startups Eco-System
834769063285526;Texas Startups
100274573409031;Cardiff Start - Cardiff's creative, digital and tech startups
1610036885937457;Startups Market Place
203102149724699;Austrian Startup Pinwall
1560124700896410;UK Small Business Network
73034293396;London Tech Startups
166107610204706;Gujarat Start Up's
121127917944673;Austin Startups
155392461211573;Houston Startups
372270926173063;Travel Startups
362206597268389;Hyderabad STartups
316689918423330;Hack Cyprus
953605231370621;Agra Startups Club
644280719000381;Vizag Startups
201250406688972;Startup Mexico
570188009676801;Lean Startup Colombia
300288476771319;The KoiGroup for Entrepreneurs and Innovators
651760041637479;Gruppo di aiuto reciproco fra startupper
793095494154281;Calabria Dinamica
421602394666696;IlhaValley
288612877913601;Lean Startups LatAm
1381347862193620;Small Business and Start-ups Platform.
495492850473511;GoStartup - E.W
58767150888;Home Business Start-Up Connections
580058238670955;Comunidade Startup RN
274638859312118;Mobile Startups
335672563168365;Startup Hub
430466077061659;UP Montreal: Startup Community
985711858146481;The Startup Chat
539384696230922;Businesses for sale UK
904202626297639;Startup, Business and Tech Azerbaijan
773097106145752;LINKING TRIBES  -  Global Startup Community
226918624171008;Bangalore Startups
1401491793462825;Guwahati Startups
1515732528647171;Swiss Re Startup Academy
204365516269594;Sri Lankan Tech Startups
422315101307233;Jaipur Startup Jobs
240464062757726;Linden's Economy & Small Business Startup
1489605947997984;Indian Startups & Investors
463843583724717;Ahmedabad Startup Community (ASC)
1451944475069043;Start-up Jobs and Internships (India)
36422246306;HeadStart Network
2413132457;Digital start-ups and investors in Asia
140475263029705;Eat My Startups - India
480156495351246;LeanStartup.In
379953465459133;Interns ready to join startup's
1533380230230407;Computer Science Topics, Trivia, Startup Ideas
171470266245590;Domain Name & Web Hosting
104038056701945;BD Tech StartUps
138614449899545;Startups Focus
795574107190417;Startups.co
1475277946106055;Startups
906834069370741;Startup Safari
101830026558969;Startupfest
901254039928419;Startup India
5510679098;Startup Weekend
437961089568251;STARTUPLAB
1560217774269391;Startup Visa
206270296204652;StartupTalky
681526528558725;Startup 365
223339021017427;StartupYard
154108808331879;Startup TaleZ
333462403432079;Startups Club
171258599664006;Startups.be
975738225796195;Startup Armenia Foundation
142340019159566;StartupDigest
719345518169507;start-up.ro
187553351293564;Startup Pirates
134865236527166;Startupi
472202032892048;Startup News
905539062791088;Startup Art Fair
295319093946891;Startup India
522949024535830;Startup Connect
103220383135739;Startup Grind
781976058583739;StartupGDL
217536068259280;StartupHouse
177898202556130;StartupEd
1048394411880987;Startups Live
340450159375722;Startup Events India
957471271016942;Startup Creator
139953076042526;StartupSmart
278523218884933;Startup Lithuania
466681450072258;Startup HUB Poland
990764440976269;Startup Street
461104034062248;Delhi Startups
106283992735433;Startup company
104747109571190;Startup Leadership Program
947707755243827;Startup Junkie Consulting
104051216299530;Startup, Washington
758585130880140;Startup Poland
1584275415155330;Startup Factory
255341014560268;Startup Reykjavik
795667403865461;Startup Masterz
260193804170372;Startup Tunnel
404402342956536;StartupItalia
292931084244649;Startup Ideas
475320665832927;Indian Startups & Entrepreneurs
453627741486415;Humans of Startups
738250186186100;Start-Up Hyderabad
567332733363525;Startups Academy
218583352493;StartupBros
696242007089861;Startup World
462065180516147;Startup42
206908732693843;Startup Estonia
104922432539;Startups.in
123647374379091;Startupvitamins
405849992808735;Startup Sutra
618768378223103;StartupX
554968264514396;Indian Startups
1077619262270925;StartupAmsterdam
552487528160074;Startup Oasis
1654572131466142;Startup
530204353797418;Startups Club of DTU
242856249146091;StartupMS
392509497492160;Startup Brasil
730088370370023;Startups.pt
590334244357325;Startupxplore
109416335743992;Startup.com
215269421850735;StartupNow
1040047226076666;Seoul Global Startup Center - Seoul GSC
190160055350;START-UP NATION
588011764679414;Startup Conclave, MAC
1176359702374365;Startup Thailand
909913175747662;KnowStartup - India Startup News
538959276127838;NASSCOM for Start-ups
379594675537765;Startup101
207182249324883;Bangalore Startups
1685989768290880;Startup Shala
111369548901185;The Startup Centre
182125875519619;Startup Autobahn
202154683189710;Startup Weekend India
624272847583462;StartupBlink
888721011203817;Startup Hirings in Bangalore
298896243843;Start-Up@Singapore
806893672729202;Startup World Cup
467411759969123;STARTUPSNepal
184621851589653;Startup Saturday Bangalore
378998515534514;Startup Basecamp
1556622521247220;Startuplab
304179583077409;Startup7
1750078341887398;Startup Stories
545432002249308;StartupBricks
1644489372457590;Start-UPs
1592183327719576;Startup Palace
569159406539375;StartUp
1850562955169100;Startup Bhubaneswar
1027624110592506;Startup Stair
578899235499691;StartupLab MX
816364655096651;Startup Weekend Nagpur
1792926090940597;WTF Startups
1036045913072091;Startupp
643431465718862;Startup Extreme
155843647958143;StartupBeat
938375712903925;StartupFair
521913001330234;Startup 365
293741760750110;StartupDelta
420846557992330;India startups
860401363986426;Startup.hr
105606956163993;StartUp.vn
206721872695212;Startup Canada
1670037643274632;Startup_DUS
18115323532;StartupNation - Small Business Content & Community
1628554790757513;Startup Arena
954094264627712;StartUp Passion
287173151435152;Startup Grind Europe
1009196845782239;Startupdorf
993673650710034;Start-Up India Start-Up Pune
1508776009342206;Startup Internships
144677575670918;The Lean Startup
157137684300944;Startup.gr
144942248909694;Startup Farm
337390966307174;Startup Institute
415355751949114;Startupia
1557638997801788;Startup Township
298246507178908;Telugu Startups
825192784215760;BigStartups
141651685862427;500 Startups
255974707909299;Startup Resource
1031513320222691;Start-Up Nation Central
493787457489748;Startup331
633008306794102;startups.ro
870823016290829;Startup 360 Magazine
457828731086332;StartUp-Buzz
189887411052208;Startup Tucson
245483545598393;StartupBegins
104583736290015;Startup Sauna
214785858624119;Startup NYC
525054657654942;Startup Stack
255492957923800;Startup Night
424533574347304;Startup Academy
383700481809579;Startupreneurs
1635583363429522;Startup Karnataka
193820437318986;StartUp Britain
767746913323317;Startup Weekend Rajasthan
495356203834886;The Happy Startup School
374762482598027;Chennai Startups
1524518984498455;StartupCVs
133601993455644;Pune Startups
1505016589791268;Startups Point
215232181096;Startupbootcamp
823205137800016;B. Startup School Amsterdam - BSSA
1645202799045204;Startup Drugz
241216735984762;Startup Dock
603062116513395;Startup0KM
276439629132289;Startup Foundation
978703138874983;Startup Weekend Tel Aviv
569876773143760;Startupmatcher
1578677762458181;Startup-az
1521577564818297;Startup Cafe
365863576213;Startup School
188449011289472;Start-Up Stockholm
390145354513614;Startup Calling Startup
1421297088159721;StartUp Soiree
1487542218150835;Startup Jalsa
1736768599900010;CaribbeanStartups.com
537157386457335;Startup Zone
375342719207612;Mumbai Startups
374768062552168;StartupSeattle
119552884745438;Start-Ups Hong Kong
701267663280974;Startup Stash
214870411940554;Swiss Startup Factory
197119210304770;StartUp Women
1646266278959156;StartupAid
142345142506361;StartUp Brasil
1671262449808064;Startup Society
156252694435241;StartUP Berlin
183849564977648;StartupBus
1246474432049378;Startup Weekend Londrina
484140855017625;Startup Success Stories
225934351118680;My Startup Story
711679932266081;Start-UP Business
128954497116530;StartUp Fashion
450948801607114;Startup Active
1417854501841508;The Startup Mashup
750962401618232;StartupBrett
505722926207541;StartUp Maroc
1610040342561656;Startup-Wiz
333706636828823;HYPE Start-up Awards
549210675158268;Startup Manufactory
183730044975983;Startup Monthly
241213372671850;StartupJuncture
1634963593445309;StartUp
1583282258602341;Startupboat.eu
102841599790682;Business Startups
206452793603;Startup Edmonton
1664562407094546;STARTUPS.IT
286860541361667;Berlin Startup Jobs
120497117969547;STARTUPS.CH
143175135881518;SUP46, Start-Up People of Sweden
459616210906296;Startup300
342052689314151;Startup Virality
445076822330692;Fuckedup Startups
1756497404592341;C asean Startup Runway
90585177006;KillerStartups.com
1634552300127243;Startup Salzburg
241722832576524;Startup Wise Guys
179105338966949;Startup Alliance Korea
125253540913144;Startup Socials
459317894261866;Startup Zone
126570194162675;Startup Safary
302184333275843;Startupper
471152739682775;Startup Daily
445158312161575;StartupJobs
919276138120397;Startup Insider
110074692378108;Start-Up Chile
191910490978809;Startup Grind - Tel Aviv
1648350845441789;Startup Haus Tunis
152211584841948;Startups Ireland
239604686221910;Oslo StartUp
1412314169048999;Startup Jobs
1423859351271907;StartUp Bahamas
1541946439394649;StartupIndia
1406765486284394;The Start-UP Conclave
167159833379934;STARTUP LISBOA
1550017801913617;Startup.sm
723174514477191;StartUp HERE Toronto
663994443632416;Startup Sri Lanka
1412950302317051;Sandbox Startups - Global Incubator & Accelerator
136240589848286;German Startups Group
511906259010255;Startup Zone
1025287327558040;Start-Up UNI
1412427609039490;Technion Start-uP MBA
1447039435529500;Maine Startup and Create Week
258736201126631;Start-Up INDIA
1436461606660724;Startup Saturday Noida
597952220265586;Associazione Startup Turismo
217852585007368;Startup Nations
640165992752341;Startup Jobs Barcelona
459497487478947;Startup Academy
140517555968713;Startupers.fr
382605858464174;Startups.Ce
841405785941292;StartupCafe
258609950972126;StartupOnly
191160970906476;Startup Norway
1410179212636735;Indian Startups
603124843072397;Startup WHEEL
610077152419675;StartUp Creative
234988506631054;Startup MGZN
280063235434671;Startup Aggieland
570727293030596;Startups Ignite
291072434557986;Startupcasts
1670051699937457;Startup Agnito
1826900280869056;Startupassam
151901681580919;Circuito Startup
999923173364791;Startup.Network
705430806254244;Startupper.me
260735723963466;Startup Awards.SK
676404222470688;Summer of Startups
209164105764234;Startup Weekend Hamburg
609862955856306;Startups Feed
1203805699633036;Startup Stacks
163505443837171;Startup Street
537486703094079;Startup Fest Europe
1636101456712430;Startup Spirit & Soul Program
122199551239663;Startup UCLA
341209589254258;Startup Helsinki
241491236018920;Startup Mix
498385876921523;Startup Ireland
379826472133277;StartupMalaysia.org
1118709418204635;Internships/Startups
918856488180752;Startup Motivation
1640864449492282;Startup Mitra
850633774974534;Delhi Startup
129169503775947;Trak.in - Business of Tech, Mobile & Startups in India
133924443317842;Startup.graphics
554784834579225;StartupBuffet
337395986305043;Spain StartUp
1030356560359448;Startup
152823354781711;Startup Saturday Mumbai
397208990373391;Startup Bergen
494858810551439;Startup AddVenture
501954053308950;Startup Sarnia-Lambton
799934636770196;DU Startups
1657049921183928;The Startup Cafe
1519823954930682;Startup Weekend Bali
439729909524726;Startup Fuse
1382983711951119;Startup Rio
509997162428913;Startup Jungle
497599903768140;Startup242
1439025009666783;Startup MENA
549732688438534;Startup Central UAE
1605875696319390;Startup
767188233417329;Startup Consulting
315818231917125;StartupStories.gr
1395678547311497;StartupBRICS
1225894727427681;Our Own Start-up
278481705551883;Cadia Startup Exchange
1443389465925018;Startup Grind Seoul
414586825386343;Stars of Startups
103675322032;AustrianStartups
448053968685441;Startups and entreprenuers-Delhi-Ncr
1735796816688207;StartUp Europe Awards
271254272974919;Startup UW
1248786525133392;StartupWeekend Mauritius
209174592539610;Startup Germany
671523816218212;SEP - Startup Europe Partnership
420432241411766;Startup Connect
1499854830233343;Startupwala
189593431203347;Startupyourlife
362509150521975;Startup Istanbul
243898942359788;Startup Turkey
258350114223198;Startup Spokane
264542327226336;Second Startup
1605750176303279;Start-Up GYM
1729982420616529;StartupCamp
1272160692800437;The Africa Startup Academy
1495394907403269;Startup Jobs
259541367751408;Startup Market
505495809531271;Startup Saturday Jaipur
13659155102;OnStartups
1425435727676160;Startup Essentials
580725378643488;Startup Grind Cape Town
398409423680929;Startup Summit
318581018171667;StartUp Stuttgart
191065710952159;StartupClub
361519487366079;StartupBiz Zimbabwe
187953947948725;Startup Weekend Hong Kong
208974832613454;Sustainable Startups
294475100610485;StartupBisnis.com
434621346615567;Startup Village
230276173692876;Copenhagen Startup Weekend
1646331728968907;Startups for The Soul
263305770351218;Startup Weekend Manila
1754014618144856;Startup Communication
118713401564718;StartUp Nijmegen
1633725210240101;Startups.al
157107707668297;StartupList
118557228161091;Startup Quote
855594257860262;Startup Stories India
617645928286407;Startups by SRites
240573142940943;Startup Launchpad
266744863508455;Startup Test Lab
135399786560654;3 Day Startup
1695971530625691;Startup Conclave
1602097443412778;Startup Fazztudo
976827675678491;Puglia Startup
1654107728163678;Startup Guide World
189240744530375;TaxiStartup
785705368136158;Indian start-ups
524248884345708;Startup-News
924947684270122;Africa StartUp Cup
931028936973625;Startupidaho
1578915665707161;Startupkonsulenten
836869043011895;Startupismo
1581919425460447;Startup Funding
1395149434039022;Startupisti.cz
635602893208815;StartUp STP
270272053312926;K-Startup Grand Challenge 2016
326136300164;Startup Melt Berlin
149350658425480;Startups & Developers - IBM Israel
467315643433209;KOBE Startup News
1516899835298454;Startupsbuzz
1569349560022486;AntzPower Startups & SMEs Community
719043351538739;Startup Leadership Program Hyderabad
548687551841244;Startup Magazine
253183154882558;Code4Startup
446059555573080;Startup San Diego
373376692842525;Startup Jobs Sweden
675961599166569;StartupCon
1402448696672696;Cluj Startups
162139637307729;Startup Weekend Belo Horizonte
158879937547358;Start-Up Stadium
107654742659792;StartUp Health
198110940284124;Startupeando
145190025669690;Startupers.sk
144440788934556;Startup Saturday Chennai
1688609948039817;STARTUP TEENS
1468774336774907;Startup:CON
265208010287094;Startup abbigliamento
1546618675615108;Startup Weekend Alagoas
1662608307340297;Startups Club - Post
576760879091080;First Startup School
176630712481559;Startup Jobs Asia
436313633245095;StartUpGlory
170524036298830;Mam Startup
893790334100446;Startup Catapult
1509233489403904;Prague Startup Centre
1720086918268611;Startupzone
692820254172377;Yo Startups
138957992843547;Jaaga Startup
291825627519715;StartUp BUZZ
1456284824701502;Startups Go Global - AUSSENWIRTSCHAFT AUSTRIA
189339147923844;Start-Up Israel
1515267965355689;Startup Carnival
525261344199127;Startup GH
258714177815800;Sevan Startup Summit
920878741366544;Startup Grid
405629549487639;Nordic Startup Awards
1551109515153786;Startupart
474083372779367;Start-Ups Council of India
1084631198267578;StartUp50
109959542412702;Startup Greece
480940975433933;1000 Startup Digital Indonesia
502409363276376;Jaipur Startups
829425047106201;Chennai Startups
191453177682697;Startup Calabria
121772587851556;Startups Insider
1597358993884280;Startup Jugaad
203598519976156;Startupkhaata
277669332579736;Startups MY
320128134737849;Startup Ukraine
277517845681999;Startup Weekend Floripa
104055909708931;Launch: The University of California's Startup Accelerator
1485456295073759;Munich Startup
461499217364923;111Startups
1709233299291972;Startup Weekend MaGIC
1469309490061790;Startups Kenya
921682457897337;Startup Netcon
487816444742175;StartUp Vietnam
509817009219962;StartUp Nest
501886383177910;Startupdate
928240773874864;Startups Ignition
452271804897967;Startup Meatloaf
369560906420121;Startupbusiness
959828710748696;Startup Armenia
1615123802108699;Startup For Kids
287784158040589;Startup Braga
463850407137701;STARTUPS LEGAL
547232185322499;Startup Depot. Lviv Business Incubator
276662992492384;Zone Startups/India
440488512735850;Startup Workout
862631510450102;Startup U
130642680420889;Startup Shared Office Spaces - SSS
482079751935498;Lean Startup Company
1480864275471318;Startup Lab
324063477625541;START-UPS ARGENTINA
391048657734709;Startup Bangladesh
271335779725552;Nordic Startup Bits
960475733969615;Startups Talk
333718803372465;Denver Startup Week
466223730216116;Start-Up Academy
303175499776696;Startup Maroc
1489927527907996;Israeli Startups NYC
289608401170704;StartUp
830870333595622;Toowoomba Startup Group
548449625287007;Startup Weekend Education Curitiba
346043898850652;Kerala Start-Up Mission
268186950238007;Startup Delhi
259715150820725;Timisoara Startup Hub
1669336899970648;Startups Magazine
1778100402424776;Construkt- Startup Hostels
1662220277348139;Startup Muslim
1649054348707430;Startupbank
1671416349754240;India Startup Chat
692318574243402;Startup Safary Budapest
142960812488318;Startup Story
749825048468448;StartUpStars
162695083755807;Global Startup Battle
961208950569133;StartupSelfie
726913414047379;Startup Hall
387212528035002;START-UP BUSINESS
981365648586849;Startupsvar.dk
420507938141002;Startup Weekend Blumenau
463563190516278;Le Bivouac - Booster de Startups
726308970846078;StartupValley
441836922496996;Startup Live
318446904933813;Silicon Valley Startup Camp
134330606582509;BerlinStartups
566879496807079;Startup Mechanics
1595574370659489;Startupday
502916403096793;Start-Up Jamaica
180838972065002;The Startup Orgy
188646847960027;Startup Victoria
220305664680355;1001startups
1448781768701118;Startup Dergisi
229450257443896;Startup Events Mauritius
1729171663982319;Startup Social
483313018356470;Kansas City Startup Village
326812517517260;Startup Weekend UFPE
1114563345274904;Startup Weekend Bucharest
1483359898574415;Startup School Asia
912251002171075;Startup Lab - FPUNA
434087883289865;Yerevan Startups
421354707979367;IIM Startup - Companies & Funding
1797376933808954;StartUp Tycoons
170413412985551;Startup Weekend Munich
1002269949804541;Startup.pk
247525112086764;Startup Standup
253708301376705;Dublin Startup Jobs
220580791333207;Start-up Fundamentals
440139596119013;Startup Grind Dubai
615766371853777;Startuptravels
858473550894220;Kolkata Startup Community
1689023344701340;Startup Guide Stockholm
1645017795737741;Hey-startups
1424888561085462;Berlin Startup Consulting
416533728469657;Startup Dope
870038536347310;Startup Weekend Dubai
197266283722139;Eleven Startup Accelerator
1715950875344617;The Private Practice Startup
330912263785986;UPRISE Startup Festival
773363752769986;StartupNews
1669020876720573;Startup Mentoring
249733371851257;Startup Safary Athens
186938598028807;Startup Weekend Cluj
1515752212067102;startupvn.vn
1313842148641526;Startup Grind,Eldoret
119556774808622;Future StartUp
521260541236337;Startup Internship Program by E-Cell, NIT,Trichy
631186780245326;StartUp Opportunity
476367039187098;PanamaStartups
1594306060808414;Startup Sesame
144975482325702;Women's Startup Lab
1429780350667661;Startup M3
483344411712224;Startup Philippines
1530558780590979;StartupCulture
126173581149575;Startup Nidus
232295747152072;INCO Co-Startup Community
375203189288754;Startups Pakistan
1492234637746057;StartUp Montessori International School - SMIS
813192492114207;Startupbusiness.asia
998625186893323;Groosman.co Startups
165590293604437;Startup Weekend Santa Maria
1664653310421563;Startup Sunday
187115548006847;Campinas Startups
480406812166292;Bar Start-Up
1427943117536281;Startup Summit
335895079867694;The Startup Van
864373507017350;Startup Cricket League
1629836383894685;Jobs in Delhi, Noida, Gurgaon, Ghaziabad & NCR
569112373180888;Internships & Jobs @ Delhi & NCR
1550598231855817;Jobs for All
1410790809134759;Sales and Marketing Jobs In Delhi and NCR For (Freshers and Experienced)
494194773974330;JOBS IN DELHI/GURGAON/NOIDA
465602503602936;JOBS IN YOUR CITY AND DELHI NCR
967852516599308;Startup jobs in Delhi/NCR
258121757661393;Jobs - Networks
430053430483105;Media Jobs for All
222399107833882;Jobship
29593013279;Jobs
226761477362191;Jobs For Software Developer,Animater,Designer,Tester,SEO  and others
108853579447807;Delhi Jobs and Startups
580454701994700;Actuarial Jobs to all hands (AJAH)
487924381241242;Event & Promotion Jobs
344382519063051;Placement buddy
372139812898734;Startups in India - Jobs & Discussions
265161970192289;ASP.Net/ C# Developer Jobs
387372044659912;IT Jobs
781534085215059;JOBS IN DELHI /NCER
1430077223876380;Sales & Marketing Jobs in Delhi/NCR
282011088652466;Jobs Opportunities In Delhi/NCR
897154233641848;HOT JOBS (For India & Overseas Opportunities)
552541118162156;Internship Program on Web & Mobile
244232485649242;Dance Jobs & Auditions - India
626114190742524;Delhi/Ncr Fresher Job Seekers
605042366243427;Startup Jobs India
369194519893791;Jobs Openings for PHP Developers
787689257953174;JOBS IN INDIA
8977688074;SEO JOBS
465470723465036;Jobs & Internships
221832487964196;Content Writing and SMM Jobs
1617060081853172;Govt Jobs
200933410018159;JOBS IN INDIA
470898436324608;Startup Hiring
439878409480482;JOBS IN BPO & KPO ( International & Domestic)
1460623210921205;eLitmus Companies and Jobs Discussion
3434987150;PR Jobs
157862147624003;JOBS FOR CIVIL ENGINEERS
651443528228839;Social Media Jobs in India
200599603462881;JOB INFO
252134894997823;Events Part time jobs....especially for students
252350408125058;Language Jobs (LangJobs)
599573463424019;BPO Jobs In Delhi/NCR
987397251279767;Part time jobs
364434073625813;ACTUARY(CHAT)
251645928213207;Delhi NCR job seekers
750298318342029;Government Teaching Jobs
135536786479173;PHYSIOTHERAPY JOBS
854460917923561;UK jobs and work from home opportunities 2016
229616537091906;JOB PORTAL
674579449287857;Photography Jobs and Assignments
375780259238756;HR jobs in INDIA
180638468334;India Jobs Network
671528366309925;Govt. Jobs | Exams | Results | Admission & GK Updates
1451944475069043;Start-up Jobs and Internships (India)
317474698434998;Php fresher jobs
1505947069701584;Worldwide Translation & Interpretation Jobs
852473461512184;All Jobs India
1464063693806570;Latest Jobs in India
812717632081809;Audiologist job
117628735003548;India Jobs, Careers & Networking
1509407735975718;jobsdesert.com(bank/ssc competitive questions)
1427310604198784;All India Jobs Portal
721533007909930;Exam Results & Government Jobs
697656613653685;Government Job & Exams Preparation
334594746634433;Engineering jobs world wide(food and pharma) and others
210322959031445;MARITIME JOBS
1413462575577758;12th Pass Government Jobs,Local Sarkari Nukari
342812109126525;Delhi FIlm & Tv jobs
622857297811292;Architecture  Job in Delhi
257268944639974;Permutas cucei proulex jobs
451509485050234;LIke 4 Like Fanpage like,Post,Photo Likes
223467731102727;Memphis Jobs
1553032244999309;Mega Valenzuela Job Hiring
1092244617514625;~*Jobs in volusia county*~The Good, The Bad, and The Ugly*~
1454942118105523;Work From Home - Legit Online Jobs
257574567926225;Mega Rizal Job Hiring
910309662411115;SAN PABLO JOB HIRING AND BUY AND SELL
190732901282268;Cebu Job Hiring
1134178819931819;POST YOUR ADD/ JOB HIRING Only in Cebu
1450076898552055;Online Earning & Part Time Job
191943177606610;Homebased Online Jobs
637978886239593;Fort McMurray Side Jobs
946036615485260;Job Hiring: Lipa/ Malvar/ Tanauan/ Sto Tomas/ Batangas
524912667688778;BITCOIN 24h
755593977874666;Quezon City: Job hiring and job openings
327834180561683;Ribaganga Jobs , 4sale ,4rent & looking GROUP
528785823931949;London Jobs MLM
701445503330965;Mega Taguig Job Hiring
1470345996605987;LOOKING FOR JOBS? CDO AREA ONLY...
125115554280186;Best home-based jobs
1481956172070707;TROPANG FACTORY WORKER
439784796170627;Cebu Job Hunters
1425023927767205;Pattingham Chat, News, Jobs, Rants & Idle Speculation
524416471021703;TAGUIG / MAKATI business entrepreneurs (BUY,SELL,TRADE/SWAP,JOBS)
807183822696539;NUEVA ECIJA CLASSIFIEDS (LET'S BUY, SELL, TRADE AND FIND JOBS HERE GUYS)
757296374384163;Online Job Opportunity
1100694816661834;Cebu Jobs - Looking For/Hiring
1576168999323696;Legit Online Jobs / Work From Home
1551508928486165;Now Hiring/Odd Jobs SW Suburbs Chicago
1167164619995052;Mega Laguna Job Hiring
1748832265345812;JOB HIRING DAVAO CITY
161078833929731;Home Based Work  - Online Home Jobs without Investment
1979411262284106;Pinoyground Buy and Sell, Job and Services
1635199540074649;Jobs in Louisville, KY
569616413109157;Mati City Online Sale & Classified Ads (MATI SALE)
1599965580271829;Baguio City Job hirings post and share
613132872139741;Bacolod Jobs
1717854171806597;Alabang, Paranaque, Muntinlupa Job Hiring, Part Time Income / Buy and Sell
1819162888311414;Cotabato Jobs Hiring
575336432568897;UPSSSC Exam Target (VDO, Junior Assistant, Lekhpal, Etc)
1566241260356356;Cagayan De Oro City Job Hiring
1375981762709366;ISABELA PH CLASSIFIEDS (LET'S BUY, SELL, TRADE AND FIND JOBS HERE GUYS)
1616265318589344;JOBS FOR MERSEYSIDE - Liverpool, Wirral, Sefton, Knowsley, St. Helens
595895467123444;Kolkatta Fresher Job Seekers
288768281302714;Hongkong Part Time Jobs
866954896718270;CALL CENTER JOB OPENINGS!!
614673705334269;SALON JOB HIRING
1683719758537335;Filipino welder worldwide job's
1573974279561681;JOB HIRING BULACAN APPLICANTS (LOCAL/ABROAD)
488152848012107;Albuquerque Local jobs
1392686727678536;DAVAO CLASSIFIEDS (LET'S BUY, SELL, TRADE AND FIND JOBS HERE GUYS)
228343550686987;Delhi Graphic Design Association Delhi Jobs + Web Designer Jobs
244912489011842;Job Openings in Delhi and NCR
480659415471821;Delhi/NCR, Jaipur, Chandigarh, Dehradun, Lucknow Job Seekers
496881233810390;DELHI/NCR JOB ALERTS
676972805678623;Banking job
1523741341236316;123Freshersjobs
447250688680393;Ship4Job.com
1377807252491205;Job Openings in Chandigarh Tricity & Surroundings
323200224443801;Staff Selection Commission
554232464712202;All India Job Seekers-AIJS (India's Biggest Group for Job Seekers)
727012083996333;Social Media Job Openings
2401502885;Media and advertising jobs in India and overseas
822459844534250;Get me a Job
260164714059430;Part Time/ Full Time Jobs in Qatar
1503907069830788;Sarkari Career
1285756524769059;Delhi NCR Jobs
118641538291143;Lets Login
422209104561082;internships &freshers job
1497579983808127;Jobs Hiring Process
113529011990795;Steve Jobs
333525130068283;Government Jobs Updates
1431030823827737;Government Jobs Alert
1442010682754850;Jobspire
106974693176;Jobs.ie
81543769501;JOBS
290843104397010;Biotechnology Jobs
569785139804365;Government Jobs Portal
1055238684504116;Jobseekers Ireland
718277258244450;Jobs.ID
529004163782698;jobsA1 Cabin Crew Course
914883335192127;Jobs in dubai UAE
125676324142328;JobsNepal.com
181602041972275;Zambia Jobs
744346715604361;Jobs
288539557971034;RightJobs.pk
57694208958;JobStreet.com Malaysia
301948846680987;Jobs in Sweden
304792496219485;jobsbd.com
369107489814175;MyJobsMyanmar
155485334580820;JobStreet.com Vietnam
262136070556728;jobsA1 News Presentation & RJ Course
195653709761;Jobs In Dubai
361511370701394;Government Jobs Today
215330021890187;JobsGlobal.com Nepal
174327409440942;foras-jobs.com
76743617791;JobsCentral
53043307760;JobStreet.com Indonesia
243152989154842;Government Jobs
144738305597871;Jobs in Delhi
141439299232477;JobSearch.az
234758760044343;Jobsnews24
243179429060565;Jobs Global Philippines
1706183026322388;iSeleda Jobs
1400866110128041;Transnet Jobs
408541755947867;ValoJobs
863282517078971;Jobs Nepal - ejobsnepal.com
106871150233;Jobs in Indonesia
153701328001087;Hyderabad Jobs
141407682618585;Pin-Up Jobs
465428186802876;Papua New Guinea (PNG) Jobs Network
344525912953;CLBS Jobs
904236553032073;Jobsperk.com
125169934205100;Delhi Jobs
507290532633244;Jobs
1489799924582505;Job in a Click
1518610395052122;Bilingual Interpreter Jobs
1435644700028076;Govt Jobs Updates
527219027377682;Jobs TT
1379182908986938;Jobspotting
320585683491;Jobs.cz
111234488930571;JOBS
598121666923614;Gulf Jobs - News Papers Advertisements
611655718918817;TCS Job Openings
723273234437711;Remote & Online Jobs
495373957168704;JOBS - The Movie
196294484044173;Jobs Lesotho
23005400484;jobs.ch
160542747417904;Marine jobs. Maritime and shipping jobs
311491022212656;Legal Jobs, Internships and Info
208638389500288;Jobs News
807742015964785;Jobs in Canada
1647628462169107;Jobsicle.mv
547973845359976;Jobs at Symantec
559398977443759;Jobs.am
281985151919772;Siemens Jobs & Careers
815545658515162;Jobs in USA
165887536796118;Jobs in Qatar
259704070746159;Jobs in Chennai
141281716056330;Job In Pakistan
335076723256290;Daily_Jobs
128131627322376;MyJobs.Ge
167898893252188;Egyptian jobs
175320745978738;Landing.jobs
104367749621679;CERN Jobs
1534235443500572;SkootJobs
303882542989283;Somali Jobs
327213687373846;M2m Jobs
191522511010733;iJobs.la
1576885972531908;SA Jobs & Vacancies Updates
179039262277714;Saudi Arabia Jobs
448886651888584;Dubai Jobs
579856415438943;Jobs in Egypt
43674671559;ROZEE.PK - Pakistan's #1 Job Website
321201884654374;Jobs24x7
1389435794683168;Bangalore Jobs
228332744042714;JOB
151363290844;Singapore Part Time Jobs
797529547020532;Jobs in Spain
571065696263056;Jobs in Bangalore
151643501347;Jobs at Intel
644543922244218;Jobsugoi.com
177236629087794;Jobs IIT
346691988866115;Steve Jobs
132550636793974;JOBS (KUWAIT)
465595516814424;Jobs in Nairobi  Kenya
517881231558933;Jobs for B.tech freshers
111193155571103;Job hunting
357054807658728;Govt Jobs Updates
1542413409370562;2016 OffCampus Placements & Jobs
633591276725062;Steve Jobs Quotes
1601565270055573;Jobs/ Internships/ Trainings
450146571820354;2016 Batch Off Campus Placement Jobs
41777525504;JobsDB Hong Kong
6106357659;Jobsite.co.uk
121770547906020;Jobs-at-Sea
157168861019462;Malta Jobs
587397528031496;Jobs and Placements
131922593542400;Jobsplane
418894588163247;Jobs57.com
100828130004538;AllGovtJobs.in
115811181944898;Govt Jobs Update
730843613625006;JobsPundit.org
681475978533188;Jobs in Brisbane
123191867704072;JobQuest.ph
1377313645861785;Girl With No Job
928807187265758;Jobs in Davao City
156172511405571;Get A Job
458463824170331;Freelance Content Writer Jobs
337001453157733;Jobs Eventos
330422017041944;Part Time Jobs in Events & Promotions
395121730679090;Skill Council for Green Jobs
188100311207728;American Jobs Alliance
7271040484;Schneider Truck Driving Jobs
124000361012946;Free Job Alert
1424005774567319;Jobs in Switzerland
725580764125188;Marriott Jobs and Careers
1422680214714866;24seven Jobs
1633898336897373;Jobs bsa
114534495226396;Job.
48963197182;jobs.ac.uk
239778499385444;NIJobFinder
291671220539;JobsDB Thailand
507496069323755;Jobs available - Western Sydney
27323617775;JobStreet.com Singapore
234364906676001;Adelaide Hospitality Jobs
1110412659021629;Canada Jobs
272575366228339;JobsatGulf
127816414051203;Jobs And Education
1513154065664117;Jobs in Amazon
373395569358207;FreeJobAlert.com
117405661703547;Jobs in Jordan
121968554548079;GOVT. JOBS For Engineer
109448189081914;Job
1139320206097673;Jobs - Fashion Designing / Merchandising /  Apparels / Garments/ Loungewear
130386193666688;JobsCentral Malaysia
573441832743890;Off campus jobs for freshers
1710538665870672;Jropp Jobs
437105756321642;DevNetJobs.org International Development Jobs
775580625808319;All Govt and It Jobs
186936891341393;Cruise Ship Jobs Directory
156550314507349;Jobs In Qatar
380543382147654;PSU Jobs India
164673843555668;TEFL Jobs Worldwide
1714954302067034;Jobs in Bangalore
545626892139975;Jobs in Chandigarh
111439112288;FlexJobs
47603731575;Jobs in Hyderabad
586275698148797;It Jobs & Walkins Daily Updates
106421249434180;Internships, Graduate Jobs, and Part-time Jobs in Hong Kong
125763159022;Singapore Jobs
1445543355471870;Jobs.diez.md
109886269037311;Lisa Brennan-Jobs
408613386003289;Government Jobs Application Page
370280619837971;Jobs Delhi NCR
446224778733638;New Jobs in Dubai
1557720247784482;JobsForHer
206493956087256;Jobsara.com
508937289220362;Internships & Jobs in Delhi
1545404025723909;Jobs in Germany
131034039511;jobsource.ch
164637176916206;Jobs Section
108018595906738;Jobs in Dubai
145504295476426;IOS Developers Support & Jobs
455882524495176;Freshers Jobs for B.E/B.Tech
223958461280274;JobStreet Education
1121237187922199;EA Jobs
1544620339157353;Jobsato
156777521567;Bank Jobs
242184022470691;Cruise Ship Jobs. Seamax International Cruise Ship Employment Services.
267248080140514;Freshers Jobs in India
117286988475745;Jobs in Delhi
255055421196558;Job Jobse
470513226413253;Government jobs updates
1589795077922774;Jobs for Every Juan
453233278140280;All Government and It Jobs
240331396334999;Engineering Jobs For You
398256883536897;Jobs & Hire
655124071234714;JobsBuddies
217976274897876;Jobs in Lahore, Pakistan
1568999826679758;Jobs in Bahrain 2016
532283596852274;Ethiopia Jobs Vacancy Listing Website
549389651890833;Job Alerts
58177236193;Pilot jobs worldwide - FlightdeckRecruitment.com
587610184609819;Jobs in Saudi Arabia
1560908000806824;Jobs in Afghanistan
6140939709;Job For A Cowboy
1469313189980358;Jobs In Delhi & NCR
232031643643042;Jobs in Durban
380457535410122;Civil Engineering Jobs
304081363103063;Dubai Jobs on Classonet.com
220582762191;Jobs in Afghanistan by Jobs.af
86090276777;Jobs & Recruitment Center
207386706042563;JobsGlobal.com Tunisia
165426382852;Freelance Writing Jobs
598425916841694;Jobs in UK
126937492938;JOBS Expertos en Recursos Humanos
928833583836892;Jobs in Dubai - A new job requirement every day.
1153950354633167;Event Jobs For Girls and Boys in Delhi/NCR
49049424683;TimesJobs.com
117281171672779;Job Kurian
681355681961197;Job 4 u
263489700368367;Food Technology Jobs
661973610532337;Jobs in Johannesburg
211423789052542;Qatar Jobs - Current Vacancies
793145930829920;Jobs Rostock
382783405120124;PaperPk Jobs
1554342311451912;Marine and Offshore Jobs
1720929738131403;International Jobs
286860541361667;Berlin Startup Jobs
383649458437814;Jobs in Cape Town
1002787499736212;Dubai HeadHunters and Jobs
575284049248031;Government job portal
651266064975957;Southern Glazer's Wine and Spirits Jobs
472750432799994;Jobs in Qatar
402431609825546;Govt Job Alert - Sarkari Naukri
240458686048316;Your Jobs in Cumbria
1696957950535500;XpressJobs.lk
156059811116171;Online Jobs
281177825237594;Steve Jobs: The Lost Interview
312269302308665;Jobs in Nicosia - aggeliesergasias.com
496327467146929;Jobs in Dubai and Middle East
1640677246193409;CornerJob
875421475843504;Steve Jobs: The Man in the Machine
1605438333044328;jobsreveal.com
469404543154017;Job's Pretty Little Stuff - Invitations, Souvenirs & Favors
182144128481061;Jobs in karachi
1438620556390391;Oil and Gas Jobs -Malaysia
1422445688048024;Latest Jobs in Pakistan
263478907068591;Latest jobs vacancies in kenya
553764131368069;JOBS in Philly
171032359726237;Wall Jobs
623403514470002;Company job pvt. LTD
148980288449119;Jobs In Egypt
117321228316603;Jobs in UAE - Dubai
198591056946;Eddie Jobson Fan Community
420891927983314;PSU & GOVERNMENT Jobs Recruitment
1549402171999949;QATAR JOBS
118984624801360;Inside Job
709886859087844;Government Jobs Info
124932317579745;Accent Jobs
1640319776237089;Jobs24
565240166948282;Penrith & Western Sydney Jobs Board
974395209320687;jobs.wien
644379305630716;CareerPool Botswana and Africa - Jobs
260688517305944;Macarthur Jobs
128259043972096;Jobs
135489925260;Engineering Jobs
22724568071;Job Bank
1562920480662142;Job-Spark
106799939370837;RareJob Philippines, Inc.
452984824749789;Job Gonzalez
1589857407911680;jobs4talent.com
736803063070017;Jobs in Limassol - aggeliesergasias.com
162013510657739;JobsConnect Manpower Agency, Inc.
1630880273847756;Jobs for Mums Malta
1484935805096110;BPO JOBS
25613365717;JobsDB Singapore
679897778781833;GULF JOB WALKINS
96142892655;EthicalJobs.com.au
291068637611339;Jobs Perak - PEKA
1381574862102142;Internship / Jobs
129744537200865;Jobs For IT In Jordan
92011902286;JobStreet.com Philippines
141108802644099;Fruit Picking Jobs
143272955831725;RamroJob.com
118781541619003;Europe Language Jobs
456376561151660;Mumbai Jobs entry level
770698876366582;Job in a Click ZA
146153788113;Australia Jobs
196753307196060;Jobs in Pretoria
697292896998339;SimplyJobs
289292231213329;Freshers Jobs
270132649754865;Job Vacancies Online
854247414669853;Manila Jobs
999878156761940;Bee on Job
109206655765144;JobStreet.com
122359581155652;Content Writing Jobs
506207742857672;Internship and Jobs
132559210287763;Bangalore Jobs & Walk-in's
188994634610388;Jobs TARC
221738487850838;Homebased Online Jobs
226056810778418;Jobs in Pakistan
310679535669488;SalesJobs.com
212735518759524;PRIVATE JOBS AGENCY
538291629606173;Jobs For B.com Freshers
124118544657669;Graduate Jobs Nigeria
195756037447435;Jobs for Embassies/NGOs
692918227429994;2015 Batch Off Campus Placement Jobs
160997287246526;J.O.B. (Jump On Board) Travel
237753183029467;Tamil Nadu Government Jobs
165258663489167;Jobs in Kuwait
106765712684628;Brisbane Jobs
1571845443064930;Jobs, Opportunities, Internships, Busaries and Career Placements
499540656746859;Govt & Bank Job Updates
186737671408393;Online Jobs Info
115541698476847;New Jersey Jobs on NJ.com
164258633639004;The Italian Job
110973295658989;Jobs, Tenders & Admissions In Pakistan
140743735993087;Online Jobs Philippines
516200275196750;JobNet Myanmar
134405339919781;SNC-Lavalin Recruitment & Jobs in Middle East
312303192159448;Job4Freshers.com
1914497582108235;Hindawi Jobs
1596453727293751;Dubai Jobs
142162432513854;Jobs in Saudi Arabia
162977167370459;JobsWorld
90470433662;InfoJobs Brasil
230659520473466;Summer Training & Jobs
442575249144106;Python Jobs
108125929220594;Job market
219232231557817;Remote NON tech jobs
527406954015105;Mechanical Engineering Jobs - MEJ
917866084891933;Jobs and Mcqs
759355230790285;Jobs in Schools & companies in Qatar
742628129154182;Jobstow.com
136580729703609;Jobships.com
127894544755;s1jobs.com
526367824181130;Job In Japan
517424381673556;Lakbima Jobs
674908279226160;Bank Jobs Adda
507736592589901;Portland Jobs
179343822155020;Hospitality & Tourism Jobs
619878328101922;Internships & Jobs
47712360678;Jobs With Justice
1567846673508587;MNC Jobs
664258433669194;Bank & Govt Jobs Updates
1211719585526631;ClikonJobs
111323733092;jobsDB Indonesia
226093180896097;SarawakJobs.com
221653687925512;Go Zambia Jobs
494133117425601;Jobs.Phnomlist
349008143983;Oil and Gas Hot Jobs Vacancy
1582115738691004;Sindh Jobs
210856782338116;JobsinDubai.ae
196255480540618;Online Jobs with Google
837817956285986;Jobsjobscareers
318385388178759;Job Box Report
742323279211422;Mining Jobs and other in Witbank
163621070511306;Truck Driver Jobs in America
113634558687455;All Engineering Jobs
104354609594965;Melbourne Jobs
426755160685658;Railway Jobs
446854345380089;Jobs World
227375605054;JobsMalaysia
951555138261895;UN jobs in Egypt
177946468978481;Jobs & Scholarships
355011138007417;Cruise Ship Jobs
191605070854023;Jobs Loop
888747767865945;Jobs for all
112068278813090;Job (economics)
471534412856900;JobsGlobal.com / Arabian Centers Employment Services Group Head Office
250814095035825;Jobs Opportunities And Admissions
689175904505920;Government Job Alerts
1447025472257934;Manila Jobs - TPG Telecom
116991551664925;Army Jobs
361626783848671;Job
1493150684283160;ALL govt jobs, interns and apprenticships
1466759753589018;Employment jobs information
1381419932188066;Govt Jobs Alert
110366275650766;Blow Jobs
213591192115424;CGJobs
158721344322174;Passing Through Jobs - Joburi in Strainatate
773759872722135;Government Jobs information and vacancy
151966096191;JobThai.com
391294234261749;Jobsmigas.com
301593623384087;JobsRadar.com
436736299691102;Canada Jobs
109479632416155;GoMediaJobs
207074249317005;AlJazeera Jobs
1571890079713973;Sarkari Naukri - Govt Jobs Portal
1551543025118055;BD Jobs Times
325389540940675;Steve Jobs: The Exclusive Biography by Walter Isaacson
422001227837714;KuwaitJobs
809121759183897;Norwegian Cruise Line Jobs and Careers
1520429678262584;Jobs Freiburg
190466207827182;Dream Job Myanmar
897024076996450;Govt jobs Alerts
185856204791486;Townsville Jobs Central
1640058156226348;Chandigarh - Skill Training and Jobs
135456716565905;Guardian Jobs
329000693956189;job4u.ae
5769127611;ClearanceJobs
681979551924817;Latest Government Jobs in India
1501842020062273;Online Jobs Market Place
1737438329847250;GolfJobs.com
173927879420768;On the Job
100622063795;Jobs in Pakistan
667184053377295;Govt  Jobs
371627036331096;EniJobs.com
154377731347330;Microbiology Jobs
98469913679;MeroJob.Com
357778174311385;Jobsara.com - Gulf Job Vacancies
1543101532572626;Online jobs in Pakistan
108326675865276;The Italian Job (2002 video game)
1375417479395310;Jobs In Dubai - Job Search
822665684448742;PPSC JOBS
1662644200623635;ZEN JOBS
225179590984642;Jobs in Cyprus - aggeliesergasias.com
684389071576849;GOVT. JOBS For Freshers
373127242706276;NGO Jobs
106472559389197;Job creation
363377367031736;Davao Jobs Opportunities
135103733233428;JobsGlobal Recruitment
123283157709774;eJobs Romania
191575567543745;Bong Thom dot Com Jobs
226761624039023;Analytics Jobs Forum - Indian Statistical Institute
287255138062083;Mitchells & Butlers Jobs
407974896067260;Jobspot.lk
335544683217513;Aweza Jobs
1549840491991823;STJobs
433839113487541;KodoJobs Iraq
100289081132;UN Job List
106317676064752;Perth Jobs
135935833162725;Chennai JOBS and Walkins
1600789463498186;Trending Jobs
158603680844506;Kodo Jobs
108151462550772;Part-time Job
144002529129109;Jobs Town
467722003331068;TirolJobs24
776731279071215;Indian Aviation Jobs
119900591515097;My Paid Jobs
441904869243971;Hobby Lobby Jobs & Careers
221654261196358;Olive Garden Jobs
492842140839317;BevyJobs.com
1557388764535029;Anergos Jobs Cyprus
285133215165708;Jobby Jobsrus
510156822329276;Part-time Jobs Vietnam
527456647407277;Accenture Jobs
363420450401803;Aramco Jobs
1637928673159632;Jobs Network
537873116363675;Tech Mahindra Jobs
1527570440806750;Indian Railway Jobs
128845300573267;Agriculture Jobs
795664540500102;Take Jobs
223719654626120;Jobsinhour.com
1553654344948451;Gr8jobsng
148288082036058;Jobs, Bursaries, Vacancies, Learnerships
1482858665377933;Office job
1424096041139395;Referral jobs in Delhi NCR
1463765357225755;Telangana GOVT JOBS
208281719262923;Software jobs in hyderabad
403742926335504;Get Fit, Lean, and Keep Your Day Job
184291028413631;SeshaJobs
576076395825828;Steve Jobs Legacy
560549010745277;Government Job Updates
1397858840506138;Highlands Coffee - Jobs
1575532356096404;Jobs Dortmund
1678687045742625;NTS Past Papers, Jobs & Prep Comm. Center
412392395454823;Ugandan Jobline Jobs
749985431715327;Jobs Lelo Baba
456332184561534;Jobs im Ausland
324182401076143;CDL Jobs
233643570045200;Jobs Direct
164844670193630;Caregiver Jobs
110841382283300;Resume Writing, CV Writing and Jobs
372347816186309;New Zealand Jobs
284072928347454;BW JOBS 4 GRADUATES
1721465574801075;Polk County Jobs
134712853362726;Jobsalert.pk
110683615761785;It's not my job to blow sunshine up your ass
750337558409568;StealJobs
61968211432;Job Mail
700099550042736;All fresher jobs
156397911064519;Jobsomega.com
711243668923993;JobScape
138669169491296;Patch.com Jobs
848776085193269;Pusat JobsMalaysia Perak
125630431116228;Australian Jobs
1575041062771748;SaTH Jobs
284895638284624;99jobs
167117966819427;Dental Jobs and Placements
370560639695553;Walt Disney World Jobs
